name,description
–î—Ä—É–≥–∏ –≤—ä–Ω—à–Ω–∏ —É—Å–ª—É–≥–∏,"–æ–±–∏–∫–Ω–æ–≤–µ–Ω–æ —Å–µ –∏–∑–ø–æ–ª–∑–≤–∞ –∫–∞—Ç–æ –æ–±–æ–±—â–∞–≤–∞—â–∞ —Å–º–µ—Ç–∫–∞/—Ä–∞–∑—Ö–æ–¥–µ–Ω —Ä–µ–¥ –∑–∞ —É—Å–ª—É–≥–∏, –∫–æ–∏—Ç–æ –Ω–µ –ø–æ–ø–∞–¥–∞—Ç –≤ –∫–æ–Ω–∫—Ä–µ—Ç–Ω–∏ –ø–æ–¥–∫–∞—Ç–µ–≥–æ—Ä–∏–∏ (–Ω–∞–µ–º–∏, —Ç—Ä–∞–Ω—Å–ø–æ—Ä—Ç, –æ—Ö—Ä–∞–Ω–∞, –ø–æ—á–∏—Å—Ç–≤–∞–Ω–µ, –∫—É—Ä–∏–µ—Ä—Å–∫–∏ –∏ –¥—Ä.). –¢—è –º–æ–∂–µ –¥–∞ –≤–∫–ª—é—á–≤–∞:
–ö–æ–Ω—Å—É–ª—Ç–∞–Ω—Ç—Å–∫–∏ —É—Å–ª—É–≥–∏ (–ø—Ä–∞–≤–Ω–∏, —Å—á–µ—Ç–æ–≤–æ–¥–Ω–∏, –æ–¥–∏—Ç–æ—Ä—Å–∫–∏, –º–∞—Ä–∫–µ—Ç–∏–Ω–≥–æ–≤–∏ –∏ –¥—Ä.), –∞–∫–æ –Ω–µ —Å–∞ –æ—Ç–¥–µ–ª–µ–Ω–∏ –≤ —Å–∞–º–æ—Å—Ç–æ—è—Ç–µ–ª–Ω–∞ –∫–∞—Ç–µ–≥–æ—Ä–∏—è.
–£—Å–ª—É–≥–∏ –ø–æ –ø–æ–¥–¥—Ä—ä–∂–∫–∞ –∏ —Å–µ—Ä–≤–∏–∑ (—Ä–µ–º–æ–Ω—Ç–∏ –Ω–∞ —Ç–µ—Ö–Ω–∏–∫–∞, –º–∞—à–∏–Ω–∏, –æ–±–æ—Ä—É–¥–≤–∞–Ω–µ, –ø–æ–¥–¥—Ä—ä–∂–∫–∞ –Ω–∞ —Å–æ—Ñ—Ç—É–µ—Ä).
–†–µ–∫–ª–∞–º–Ω–∏ –∏ –º–µ–¥–∏–π–Ω–∏ —É—Å–ª—É–≥–∏ (–¥–∏–∑–∞–π–Ω, –ø–µ—á–∞—Ç, –æ–Ω–ª–∞–π–Ω –∫–∞–º–ø–∞–Ω–∏–∏).
–ê–±–æ–Ω–∞–º–µ–Ω—Ç–Ω–∏ –∏ –ª–∏—Ü–µ–Ω–∑–∏–æ–Ω–Ω–∏ —É—Å–ª—É–≥–∏, –∫–æ–∏—Ç–æ –Ω–µ —Å–∞ –∫–ª–∞—Å–∏—Ñ–∏—Ü–∏—Ä–∞–Ω–∏ –æ—Ç–¥–µ–ª–Ω–æ.
–¢–∞–∫—Å–∏ –∑–∞ –≤—ä–Ω—à–Ω–∏ –µ–∫—Å–ø–µ—Ä—Ç–∏ –∏ —Å–ø–µ—Ü–∏–∞–ª–∏—Å—Ç–∏.
–î—Ä—É–≥–∏ –¥–æ–≥–æ–≤–æ—Ä–∏ –∑–∞ —É—Å–ª—É–≥–∏, –∫–æ–∏—Ç–æ —Ñ–∏—Ä–º–∞—Ç–∞ –≤—ä–∑–ª–∞–≥–∞ –Ω–∞ –≤—ä–Ω—à–Ω–∏ –∏–∑–ø—ä–ª–Ω–∏—Ç–µ–ª–∏ –∏ –Ω–µ –º–æ–≥–∞—Ç –¥–∞ —Å–µ –æ—Ç–Ω–µ—Å–∞—Ç –≤ –∫–æ–Ω–∫—Ä–µ—Ç–Ω–∞ —Å–º–µ—Ç–∫–∞."
–µ–ª. –µ–Ω–µ—Ä–≥–∏—è,"–≤ —Å—á–µ—Ç–æ–≤–æ–¥—Å—Ç–≤–æ—Ç–æ –∏ –æ—Ç—á–µ—Ç–Ω–æ—Å—Ç—Ç–∞ –æ–±—Ö–≤–∞—â–∞ —Ä–∞–∑—Ö–æ–¥–∏—Ç–µ –Ω–∞ –ø—Ä–µ–¥–ø—Ä–∏—è—Ç–∏–µ—Ç–æ –∑–∞:
–ü–æ—Ç—Ä–µ–±–ª–µ–Ω–∏–µ –Ω–∞ –µ–ª–µ–∫—Ç—Ä–∏—á–µ—Å–∫–∞ –µ–Ω–µ—Ä–≥–∏—è ‚Äì –∫–æ–Ω—Å—É–º–∏—Ä–∞–Ω–∞ –≤ –æ—Ñ–∏—Å–∏, –ø—Ä–æ–∏–∑–≤–æ–¥—Å—Ç–≤–µ–Ω–∏ –ø–æ–º–µ—â–µ–Ω–∏—è, —Å–∫–ª–∞–¥–æ–≤–µ, –æ–±–µ–∫—Ç–∏.
–¢–∞–∫—Å–∏ –∏ –º—Ä–µ–∂–æ–≤–∏ —É—Å–ª—É–≥–∏ ‚Äì –ø—Ä–µ–Ω–æ—Å, –¥–æ—Å—Ç—ä–ø, —Ä–∞–∑–ø—Ä–µ–¥–µ–ª–µ–Ω–∏–µ, –∞–∫—Ü–∏–∑–∏ –∏ –¥—Ä—É–≥–∏ –∑–∞–¥—ä–ª–∂–∏—Ç–µ–ª–Ω–∏ –∫–æ–º–ø–æ–Ω–µ–Ω—Ç–∏, –Ω–∞—á–∏—Å–ª—è–≤–∞–Ω–∏ –æ—Ç –µ–ª–µ–∫—Ç—Ä–æ—Å–Ω–∞–±–¥–∏—Ç–µ–ª–Ω–æ—Ç–æ –¥—Ä—É–∂–µ—Å—Ç–≤–æ –≤—ä–≤ —Ñ–∞–∫—Ç—É—Ä–∞—Ç–∞.
–†–∞–∑—Ö–æ–¥–∏ –∑–∞ –µ–ª. –µ–Ω–µ—Ä–≥–∏—è –∑–∞ —Ç–µ—Ö–Ω–æ–ª–æ–≥–∏—á–Ω–∏ –Ω—É–∂–¥–∏ ‚Äì –Ω–∞–ø—Ä–∏–º–µ—Ä –∑–∞ –º–∞—à–∏–Ω–∏, –æ–±–æ—Ä—É–¥–≤–∞–Ω–µ, –æ—Å–≤–µ—Ç–ª–µ–Ω–∏–µ, –æ—Ç–æ–ø–ª–µ–Ω–∏–µ (–∞–∫–æ –µ –Ω–∞ —Ç–æ–∫), –∫–ª–∏–º–∞—Ç–∏–∑–∞—Ü–∏—è.
–ï–ª. –µ–Ω–µ—Ä–≥–∏—è –∑–∞ —Å–ª—É–∂–µ–±–Ω–∏ –∞–≤—Ç–æ–º–æ–±–∏–ª–∏ (–∞–∫–æ —Å–∞ –µ–ª–µ–∫—Ç—Ä–æ–º–æ–±–∏–ª–∏) ‚Äì –∫–æ–≥–∞—Ç–æ —Ñ–∏—Ä–º–∞—Ç–∞ –∏–º–∞ –∑–∞—Ä—è–¥–Ω–∏ —Å—Ç–∞–Ω—Ü–∏–∏ –∏ –∑–∞—Ä–µ–∂–¥–∞ –µ–ª–µ–∫—Ç—Ä–∏—á–µ—Å–∫–∏ –∫–æ–ª–∏."
–ö–æ–º–ø—é—Ç—ä—Ä–Ω–∞ —Ç–µ—Ö–Ω–∏–∫–∞ –∏ —Å–æ—Ñ—Ç—É–µ—Ä,"–æ–±—Ö–≤–∞—â–∞ —Ä–∞–∑—Ö–æ–¥–∏ –∏ –ø—Ä–∏–¥–æ–±–∏–≤–∞–Ω–∏—è, —Å–≤—ä—Ä–∑–∞–Ω–∏ —Å –∏–∑–ø–æ–ª–∑–≤–∞–Ω–µ—Ç–æ –Ω–∞ –ò–¢ –æ–±–æ—Ä—É–¥–≤–∞–Ω–µ –∏ –ø—Ä–æ–≥—Ä–∞–º–Ω–∏ –ø—Ä–æ–¥—É–∫—Ç–∏ –≤ –¥–µ–π–Ω–æ—Å—Ç—Ç–∞ –Ω–∞ –ø—Ä–µ–¥–ø—Ä–∏—è—Ç–∏–µ—Ç–æ.
–í–∫–ª:
–ö–æ–º–ø—é—Ç—ä—Ä–Ω–∞ —Ç–µ—Ö–Ω–∏–∫–∞
–Ω–∞—Å—Ç–æ–ª–Ω–∏ –∫–æ–º–ø—é—Ç—Ä–∏, –ª–∞–ø—Ç–æ–ø–∏, —Å—ä—Ä–≤—ä—Ä–∏;
–º–æ–Ω–∏—Ç–æ—Ä–∏
–ø—Ä–∏–Ω—Ç–µ—Ä–∏, —Å–∫–µ–Ω–µ—Ä–∏, –∫–æ–ø–∏—Ä–Ω–∏ –º–∞—à–∏–Ω–∏, –º—É–ª—Ç–∏—Ñ—É–Ω–∫—Ü–∏–æ–Ω–∞–ª–Ω–∏ —É—Å—Ç—Ä–æ–π—Å—Ç–≤–∞;
—Ä—É—Ç–µ—Ä–∏, —Å—É–∏—á–æ–≤–µ, –º—Ä–µ–∂–æ–≤–∏ —É—Å—Ç—Ä–æ–π—Å—Ç–≤–∞;
–≤—ä–Ω—à–Ω–∏ –∏ –≤—ä—Ç—Ä–µ—à–Ω–∏ –¥–∏—Å–∫–æ–≤–µ, UPS —É—Å—Ç—Ä–æ–π—Å—Ç–≤–∞ –∏ –¥—Ä. —Ö–∞—Ä–¥—É–µ—Ä;

üíΩ –°–æ—Ñ—Ç—É–µ—Ä
–æ–ø–µ—Ä–∞—Ü–∏–æ–Ω–Ω–∏ —Å–∏—Å—Ç–µ–º–∏ (Windows, Linux –¥–∏—Å—Ç—Ä–∏–±—É—Ü–∏–∏, macOS ‚Äì –∞–∫–æ —Å–µ –∑–∞–∫—É–ø—É–≤–∞—Ç –æ—Ç–¥–µ–ª–Ω–æ);
–æ—Ñ–∏—Å –ø–∞–∫–µ—Ç–∏ (MS Office, LibreOffice –∏ –¥—Ä.);
—Å–ø–µ—Ü–∏–∞–ª–∏–∑–∏—Ä–∞–Ω —Å–æ—Ñ—Ç—É–µ—Ä ‚Äì —Å—á–µ—Ç–æ–≤–æ–¥–Ω–∏ –ø—Ä–æ–≥—Ä–∞–º–∏, CAD/CAM, CRM, ERP –∏ –¥—Ä.;
–∞–Ω—Ç–∏–≤–∏—Ä—É—Å–Ω–∏ –ø—Ä–æ–≥—Ä–∞–º–∏ –∏ —Å–∏—Å—Ç–µ–º–∏ –∑–∞ —Å–∏–≥—É—Ä–Ω–æ—Å—Ç;
–ª–∏—Ü–µ–Ω–∑–∏ –∏ –∞–±–æ–Ω–∞–º–µ–Ω—Ç–∏ –∑–∞ —Å–æ—Ñ—Ç—É–µ—Ä (–≤–∫–ª. –æ–±–ª–∞—á–Ω–∏ —É—Å–ª—É–≥–∏, –∫–æ–≥–∞—Ç–æ —Å–µ —Ç—Ä–µ—Ç–∏—Ä–∞—Ç –∫–∞—Ç–æ —Å–æ—Ñ—Ç—É–µ—Ä, –∞ –Ω–µ –∫–∞—Ç–æ –≤—ä–Ω—à–Ω–∞ —É—Å–ª—É–≥–∞)."
–ó–∞—Å—Ç—Ä–∞—Ö–æ–≤–∫–∏,"–≤–∫–ª—é—á–≤–∞ –≤—Å–∏—á–∫–∏ —Ä–∞–∑—Ö–æ–¥–∏ –Ω–∞ –ø—Ä–µ–¥–ø—Ä–∏—è—Ç–∏–µ—Ç–æ –∑–∞ –∑–∞–¥—ä–ª–∂–∏—Ç–µ–ª–Ω–∏ –∏ –¥–æ–±—Ä–æ–≤–æ–ª–Ω–∏ –∑–∞—Å—Ç—Ä–∞—Ö–æ–≤–∫–∏, —Å–∫–ª—é—á–µ–Ω–∏ —Å –ª–∏—Ü–µ–Ω–∑–∏—Ä–∞–Ω–∏ –∑–∞—Å—Ç—Ä–∞—Ö–æ–≤–∞—Ç–µ–ª–Ω–∏ –¥—Ä—É–∂–µ—Å—Ç–≤–∞.
–í–∫–ª—é—á–≤–∞—Ç:
–ó–∞—Å—Ç—Ä–∞—Ö–æ–≤–∫–∏, —Å–≤—ä—Ä–∑–∞–Ω–∏ —Å –ú–ü–°
–ì—Ä–∞–∂–¥–∞–Ω—Å–∫–∞ –æ—Ç–≥–æ–≤–æ—Ä–Ω–æ—Å—Ç (–∑–∞–¥—ä–ª–∂–∏—Ç–µ–ª–Ω–∞);
–ê–≤—Ç–æ–∫–∞—Å–∫–æ;
–ó–∞—Å—Ç—Ä–∞—Ö–æ–≤–∫–∞ ‚Äû–ó–ª–æ–ø–æ–ª—É–∫–∞‚Äú –Ω–∞ –ø—ä—Ç–Ω–∏—Ü–∏—Ç–µ;
–ó–∞—Å—Ç—Ä–∞—Ö–æ–≤–∫–∞ ‚Äû–ü–æ–º–æ—â –ø—Ä–∏ –ø—ä—Ç—É–≤–∞–Ω–µ‚Äú (–∞–∫–æ –µ –∑–∞ —Å–ª—É–∂–µ–±–Ω–∏ —Ü–µ–ª–∏).
–ó–∞—Å—Ç—Ä–∞—Ö–æ–≤–∫–∏, —Å–≤—ä—Ä–∑–∞–Ω–∏ —Å –∏–º—É—â–µ—Å—Ç–≤–æ
–ó–∞—Å—Ç—Ä–∞—Ö–æ–≤–∫–∞ –Ω–∞ —Å–≥—Ä–∞–¥–∏, –æ—Ñ–∏—Å–∏, –ø—Ä–æ–∏–∑–≤–æ–¥—Å—Ç–≤–µ–Ω–∏ –ø–æ–º–µ—â–µ–Ω–∏—è;
–ó–∞—Å—Ç—Ä–∞—Ö–æ–≤–∫–∞ –Ω–∞ –º–∞—à–∏–Ω–∏, —Ç–µ—Ö–Ω–∏–∫–∞, –æ–±–æ—Ä—É–¥–≤–∞–Ω–µ;
–ó–∞—Å—Ç—Ä–∞—Ö–æ–≤–∫–∞ —Å—Ä–µ—â—É –ø–æ–∂–∞—Ä, –Ω–∞–≤–æ–¥–Ω–µ–Ω–∏–µ, –ø—Ä–∏—Ä–æ–¥–Ω–∏ –±–µ–¥—Å—Ç–≤–∏—è, –∫—Ä–∞–∂–±–∏ –∏ –¥—Ä.
–ó–∞—Å—Ç—Ä–∞—Ö–æ–≤–∫–∏, —Å–≤—ä—Ä–∑–∞–Ω–∏ —Å –ø–µ—Ä—Å–æ–Ω–∞–ª
–ó–∞—Å—Ç—Ä–∞—Ö–æ–≤–∫–∞ ‚Äû–¢—Ä—É–¥–æ–≤–∞ –∑–ª–æ–ø–æ–ª—É–∫–∞‚Äú (–∑–∞–¥—ä–ª–∂–∏—Ç–µ–ª–Ω–∞ –∑–∞ –æ–ø—Ä–µ–¥–µ–ª–µ–Ω–∏ –¥–µ–π–Ω–æ—Å—Ç–∏);
–ó–∞—Å—Ç—Ä–∞—Ö–æ–≤–∫–∞ ‚Äû–ñ–∏–≤–æ—Ç‚Äú –∏–ª–∏ ‚Äû–ó–ª–æ–ø–æ–ª—É–∫–∞‚Äú –Ω–∞ —Å–ª—É–∂–∏—Ç–µ–ª–∏ (–∞–∫–æ —Ä–∞–±–æ—Ç–æ–¥–∞—Ç–µ–ª—è—Ç —è –æ—Å–∏–≥—É—Ä—è–≤–∞);
–î–æ–±—Ä–æ–≤–æ–ª–Ω–∏ –∑–¥—Ä–∞–≤–Ω–∏ –∑–∞—Å—Ç—Ä–∞—Ö–æ–≤–∫–∏.
–î—Ä—É–≥–∏
–ó–∞—Å—Ç—Ä–∞—Ö–æ–≤–∫–∞ –Ω–∞ —Ç–æ–≤–∞—Ä–∏ –ø—Ä–∏ —Ç—Ä–∞–Ω—Å–ø–æ—Ä—Ç;
–ü—Ä–æ—Ñ–µ—Å–∏–æ–Ω–∞–ª–Ω–∞ –æ—Ç–≥–æ–≤–æ—Ä–Ω–æ—Å—Ç (–Ω–∞–ø—Ä–∏–º–µ—Ä –∑–∞ –∞–¥–≤–æ–∫–∞—Ç–∏, –ª–µ–∫–∞—Ä–∏, —Å—á–µ—Ç–æ–≤–æ–¥–∏—Ç–µ–ª–∏);
–§–∏–Ω–∞–Ω—Å–æ–≤–∏ –∏ –≥–∞—Ä–∞–Ω—Ü–∏–æ–Ω–Ω–∏ –∑–∞—Å—Ç—Ä–∞—Ö–æ–≤–∫–∏."
–ì–æ—Ä–∏–≤–æ –∏ —Ç—Ä–∞–Ω—Å–ø–æ—Ä—Ç,"–æ–±–∏–∫–Ω–æ–≤–µ–Ω–æ –≤–∫–ª—é—á–≤–∞ –≤—Å–∏—á–∫–∏ —Ä–∞–∑—Ö–æ–¥–∏, —Å–≤—ä—Ä–∑–∞–Ω–∏ —Å –ø—Ä–∏–¥–≤–∏–∂–≤–∞–Ω–µ—Ç–æ –∏ –µ–∫—Å–ø–ª–æ–∞—Ç–∞—Ü–∏—è—Ç–∞ –Ω–∞ –ø—Ä–µ–≤–æ–∑–Ω–∏ —Å—Ä–µ–¥—Å—Ç–≤–∞. –í –Ω–µ—è –Ω–∞–π-—á–µ—Å—Ç–æ –ø–æ–ø–∞–¥–∞—Ç:
–ì–æ—Ä–∏–≤–∞ ‚Äì –±–µ–Ω–∑–∏–Ω, –¥–∏–∑–µ–ª, –≥–∞–∑, –º–µ—Ç–∞–Ω, –µ–ª–µ–∫—Ç—Ä–∏—á–µ—Å–∫–æ –∑–∞—Ä–µ–∂–¥–∞–Ω–µ –Ω–∞ –∞–≤—Ç–æ–º–æ–±–∏–ª–∏.
–°–º–∞–∑–æ—á–Ω–∏ –º–∞—Ç–µ—Ä–∏–∞–ª–∏ –∏ –∫–æ–Ω—Å—É–º–∞—Ç–∏–≤–∏ ‚Äì –º–∞—Å–ª–∞, —Ç–µ—á–Ω–æ—Å—Ç–∏,–∞–≤—Ç–æ–º–æ–±–∏–ª–Ω–∏ —á–∞—Å—Ç–∏ –∏ –¥—Ä.
–†–∞–∑—Ö–æ–¥–∏ –∑–∞ —Ç—Ä–∞–Ω—Å–ø–æ—Ä—Ç–Ω–∏ —É—Å–ª—É–≥–∏ ‚Äì –ø—Ä–µ–≤–æ–∑ –Ω–∞ —Å—Ç–æ–∫–∏ –∏–ª–∏ —Ö–æ—Ä–∞ –æ—Ç –≤—ä–Ω—à–Ω–∏ —Ñ–∏—Ä–º–∏ (–Ω–∞–ø—Ä. –∫—É—Ä–∏–µ—Ä—Å–∫–∏, –ª–æ–≥–∏—Å—Ç–∏—á–Ω–∏ —É—Å–ª—É–≥–∏, –±–∏–ª–µ—Ç–∏ –∑–∞ —Å–ª—É–∂–µ–±–Ω–∏ –ø—ä—Ç—É–≤–∞–Ω–∏—è).
–¢–∞–∫—Å–∏ –∏ –ø—ä—Ç–Ω–∏ —Ä–∞–∑—Ö–æ–¥–∏ ‚Äì –≤–∏–Ω–µ—Ç–∫–∏, –ø—ä—Ç–Ω–∏ —Ç–∞–∫—Å–∏, –ø–∞—Ä–∫–∏–Ω–≥, –º–∞–≥–∏—Å—Ç—Ä–∞–ª–Ω–∏ —Ç–∞–∫—Å–∏.
–ù–∞–µ–º –∏–ª–∏ –ª–∏–∑–∏–Ω–≥ –Ω–∞ —Ç—Ä–∞–Ω—Å–ø–æ—Ä—Ç–Ω–∏ —Å—Ä–µ–¥—Å—Ç–≤–∞ (–∞–∫–æ –µ –æ—Ç—á–µ—Ç–µ–Ω–æ –≤ —Ç–∞–∑–∏ –∫–∞—Ç–µ–≥–æ—Ä–∏—è, –∞ –Ω–µ –≤ –æ—Ç–¥–µ–ª–Ω–∞).
–†–∞–∑—Ö–æ–¥–∏ –∑–∞ –≤—ä—Ç—Ä–µ—à–µ–Ω —Ç—Ä–∞–Ω—Å–ø–æ—Ä—Ç ‚Äì —Å–ª—É–∂–µ–±–Ω–∏ –∫–æ–º–∞–Ω–¥–∏—Ä–æ–≤–∫–∏ —Å –æ–±—â–µ—Å—Ç–≤–µ–Ω —Ç—Ä–∞–Ω—Å–ø–æ—Ä—Ç, —Ç–∞–∫—Å–∏—Ç–∞ –∏ –¥—Ä."
–ü—Ä–µ–¥—Å—Ç–∞–≤–∏—Ç–µ–ª–Ω–∏ —Ü–µ–ª–∏,"–æ–±–∏–∫–Ω–æ–≤–µ–Ω–æ —Å–µ –æ—Ç–Ω–∞—Å—è –¥–æ —Ä–∞–∑—Ö–æ–¥–∏, —Å–≤—ä—Ä–∑–∞–Ω–∏ —Å –ø—Ä–µ–¥—Å—Ç–∞–≤—è–Ω–µ—Ç–æ –Ω–∞ —Ñ–∏—Ä–º–∞—Ç–∞ –ø—Ä–µ–¥ –∫–ª–∏–µ–Ω—Ç–∏, –ø–∞—Ä—Ç–Ω—å–æ—Ä–∏ –∏–ª–∏ —Å–ª—É–∂–∏—Ç–µ–ª–∏. –¢–æ–≤–∞ —Å–∞ —Ä–∞–∑—Ö–æ–¥–∏, –∫–æ–∏—Ç–æ –Ω–µ —Å–∞ –ø—Ä—è–∫–æ –ø—Ä–æ–∏–∑–≤–æ–¥—Å—Ç–≤–µ–Ω–∏, –∞ —Å–ª—É–∂–∞—Ç –∑–∞ –∏–º–∏–¥–∂, —Ä–µ–∫–ª–∞–º–∞ –∏–ª–∏ —Å–æ—Ü–∏–∞–ª–Ω–∏ –∫–æ–Ω—Ç–∞–∫—Ç–∏. –û—Å–Ω–æ–≤–Ω–æ –≤–∫–ª—é—á–≤–∞:
–ë–∏–∑–Ω–µ—Å —Å—Ä–µ—â–∏ –∏ —Å—ä–±–∏—Ç–∏—è ‚Äì –Ω–∞–ø–∏—Ç–∫–∏, —Ö—Ä–∞–Ω–∞, –∫–µ—Ç—ä—Ä–∏–Ω–≥ –∑–∞ –∫–ª–∏–µ–Ω—Ç–∏, –ø–∞—Ä—Ç–Ω—å–æ—Ä–∏ –∏–ª–∏ —Å–ª—É–∂–∏—Ç–µ–ª–∏ –ø—Ä–∏ –æ—Ñ–∏—Ü–∏–∞–ª–Ω–∏ —Å—Ä–µ—â–∏.
–ü–æ–¥–∞—Ä—ä—Ü–∏ –∏ —Å—É–≤–µ–Ω–∏—Ä–∏ ‚Äì —Ñ–∏—Ä–º–µ–Ω–∏ –ø–æ–¥–∞—Ä—ä—Ü–∏ –∑–∞ –∫–ª–∏–µ–Ω—Ç–∏, –ø–∞—Ä—Ç–Ω—å–æ—Ä–∏, —Å–ª—É–∂–∏—Ç–µ–ª–∏ –∑–∞ –ø—Ä–∞–∑–Ω–∏—Ü–∏, —é–±–∏–ª–µ–∏ –∏ —Ç.–Ω.
–ö–æ—Ä–ø–æ—Ä–∞—Ç–∏–≤–Ω–∏ —Å—ä–±–∏—Ç–∏—è ‚Äì –æ—Ä–≥–∞–Ω–∏–∑–∏—Ä–∞–Ω–µ –Ω–∞ –ø—Ä–∞–∑–Ω–∏—Ü–∏, —Ç–∏–π–º–±–∏–ª–¥–∏–Ω–≥–∏, –ø–∞—Ä—Ç–∏—Ç–∞ –∏–ª–∏ –¥—Ä—É–≥–∏ —Ñ–∏—Ä–º–µ–Ω–∏ –º–µ—Ä–æ–ø—Ä–∏—è—Ç–∏—è.
–†–µ–∫–ª–∞–º–Ω–∏ –∏ –ø—Ä–æ–º–æ—Ü–∏–æ–Ω–∞–ª–Ω–∏ –º–∞—Ç–µ—Ä–∏–∞–ª–∏ ‚Äì –∞–∫–æ —Å–∞ –ø—Ä–µ–¥–Ω–∞–∑–Ω–∞—á–µ–Ω–∏ –∑–∞ –ø—Ä–µ–¥—Å—Ç–∞–≤—è–Ω–µ –ø—Ä–µ–¥ –∫–ª–∏–µ–Ω—Ç–∏ (–∫–∞—Ç–∞–ª–æ–∑–∏, –±—Ä–æ—à—É—Ä–∏, —Ä–µ–∫–ª–∞–º–Ω–∏ –ø–æ–¥–∞—Ä—ä—Ü–∏).
–û–±—Å–ª—É–∂–≤–∞–Ω–µ –Ω–∞ –æ—Ñ–∏—Ü–∏–∞–ª–Ω–∏ –≥–æ—Å—Ç–∏ ‚Äì —Ç—Ä–∞–Ω—Å–ø–æ—Ä—Ç, –Ω–∞—Å—Ç–∞–Ω—è–≤–∞–Ω–µ –∏ –¥—Ä—É–≥–∏ —Ä–∞–∑—Ö–æ–¥–∏ –ø—Ä–∏ –ø—Ä–∏–µ–º–∞–Ω–µ –Ω–∞ –≤–∞–∂–Ω–∏ –≥–æ—Å—Ç–∏ –Ω–∞ —Ñ–∏—Ä–º–∞—Ç–∞."
–õ–∏–∑–∏–Ω–≥–æ–≤–∏ –¥–æ–≥–æ–≤–æ—Ä–∏,"–≤–∫–ª—é—á–≤–∞ –≤—Å–∏—á–∫–∏ —Ä–∞–∑—Ö–æ–¥–∏, —Å–≤—ä—Ä–∑–∞–Ω–∏ —Å –Ω–∞–µ–º–∞–Ω–µ –∏–ª–∏ –ø–æ–ª–∑–≤–∞–Ω–µ –Ω–∞ –∞–∫—Ç–∏–≤–∏ —á—Ä–µ–∑ –ª–∏–∑–∏–Ω–≥, –≤–º–µ—Å—Ç–æ –¥–∏—Ä–µ–∫—Ç–Ω–∞ –ø–æ–∫—É–ø–∫–∞. –ü–æ –ø—Ä–∏–Ω—Ü–∏–ø —Å–µ –¥–µ–ª–∏ –Ω–∞ –¥–≤–∞ –æ—Å–Ω–æ–≤–Ω–∏ –≤–∏–¥–∞ –ª–∏–∑–∏–Ω–≥: —Ñ–∏–Ω–∞–Ω—Å–æ–≤ –∏ –æ–ø–µ—Ä–∞—Ç–∏–≤–µ–Ω.
–í –∫–∞—Ç–µ–≥–æ—Ä–∏—è—Ç–∞ –ø–æ–ø–∞–¥–∞—Ç:
–ú–µ—Å–µ—á–Ω–∏ –∏–ª–∏ –ø–µ—Ä–∏–æ–¥–∏—á–Ω–∏ –ª–∏–∑–∏–Ω–≥–æ–≤–∏ –≤–Ω–æ—Å–∫–∏ ‚Äì –∑–∞ –∞–≤—Ç–æ–º–æ–±–∏–ª–∏, –º–∞—à–∏–Ω–∏, –æ—Ñ–∏—Å —Ç–µ—Ö–Ω–∏–∫–∞, –∫–æ–º–ø—é—Ç—Ä–∏, –æ–±–æ—Ä—É–¥–≤–∞–Ω–µ –∏ –¥—Ä.
–¢–∞–∫—Å–∏ –∑–∞ —É–ø—Ä–∞–≤–ª–µ–Ω–∏–µ –Ω–∞ –ª–∏–∑–∏–Ω–≥–æ–≤–∏—è –¥–æ–≥–æ–≤–æ—Ä ‚Äì –∞–∫–æ –∏–º–∞ –¥–æ–ø—ä–ª–Ω–∏—Ç–µ–ª–Ω–∏ –∞–¥–º–∏–Ω–∏—Å—Ç—Ä–∞—Ç–∏–≤–Ω–∏ —Ç–∞–∫—Å–∏ –æ—Ç –ª–∏–∑–∏–Ω–≥–æ–¥–∞—Ç–µ–ª—è.
–ó–∞—Å—Ç—Ä–∞—Ö–æ–≤–∫–∏, –≤–∫–ª—é—á–µ–Ω–∏ –≤ –ª–∏–∑–∏–Ω–≥–∞ ‚Äì –ø–æ–Ω—è–∫–æ–≥–∞ –ª–∏–∑–∏–Ω–≥—ä—Ç –≤–∫–ª—é—á–≤–∞ –ö–∞—Å–∫–æ –∏–ª–∏ –¥—Ä—É–≥–∏ –∑–∞—Å—Ç—Ä–∞—Ö–æ–≤–∫–∏, –∫–æ–∏—Ç–æ —Å–µ –ø–ª–∞—â–∞—Ç —á—Ä–µ–∑ –¥–æ–≥–æ–≤–æ—Ä–∞.
–û–±—Å–ª—É–∂–≤–∞–Ω–µ –∏ –ø–æ–¥–¥—Ä—ä–∂–∫–∞, –∞–∫–æ —Å–∞ –≤–∫–ª—é—á–µ–Ω–∏ –≤ –ª–∏–∑–∏–Ω–≥–∞ ‚Äì –Ω–∞–ø—Ä–∏–º–µ—Ä –ø—Ä–∏ –æ–ø–µ—Ä–∞—Ç–∏–≤–µ–Ω –ª–∏–∑–∏–Ω–≥, –∫—ä–¥–µ—Ç–æ –¥–æ–≥–æ–≤–æ—Ä—ä—Ç –ø–æ–∫—Ä–∏–≤–∞ —Å–µ—Ä–≤–∏–∑ –∏ —Ç–µ—Ö–Ω–∏—á–µ—Å–∫–∞ –ø–æ–¥–¥—Ä—ä–∂–∫–∞ –Ω–∞ –∞–≤—Ç–æ–º–æ–±–∏–ª–∞ –∏–ª–∏ —Ç–µ—Ö–Ω–∏–∫–∞—Ç–∞."
–°–æ—Ü–∏–∞–ª–Ω–∏ —Ü–µ–ª–∏,"–æ–±–∏–∫–Ω–æ–≤–µ–Ω–æ –≤–∫–ª—é—á–≤–∞ —Ä–∞–∑—Ö–æ–¥–∏, —Å–≤—ä—Ä–∑–∞–Ω–∏ —Å –ø–æ–¥–ø–æ–º–∞–≥–∞–Ω–µ –∏ –≥—Ä–∏–∂–∞ –∑–∞ —Å–ª—É–∂–∏—Ç–µ–ª–∏—Ç–µ –Ω–∞ —Ñ–∏—Ä–º–∞—Ç–∞, –∫–∞–∫—Ç–æ –∏ –∑–∞ —Å–æ—Ü–∏–∞–ª–Ω–∏ –∏–Ω–∏—Ü–∏–∞—Ç–∏–≤–∏, –∫–æ–∏—Ç–æ —Ñ–∏—Ä–º–∞—Ç–∞ –ø–æ–µ–º–∞. –¢–µ–∑–∏ —Ä–∞–∑—Ö–æ–¥–∏ —Å–∞ –Ω–∞—Å–æ—á–µ–Ω–∏ –∫—ä–º –ø–æ–¥–æ–±—Ä—è–≤–∞–Ω–µ –Ω–∞ —Å–æ—Ü–∏–∞–ª–Ω–∞—Ç–∞ —Å—Ä–µ–¥–∞ –∏ –±–ª–∞–≥–æ—Å—ä—Å—Ç–æ—è–Ω–∏–µ—Ç–æ –Ω–∞ —Ö–æ—Ä–∞—Ç–∞, —Å–≤—ä—Ä–∑–∞–Ω–∏ —Å –∫–æ–º–ø–∞–Ω–∏—è—Ç–∞.
–û—Å–Ω–æ–≤–Ω–∏ —Ä–∞–∑—Ö–æ–¥–∏, –∫–æ–∏—Ç–æ –ø–æ–ø–∞–¥–∞—Ç –≤ –∫–∞—Ç–µ–≥–æ—Ä–∏—è—Ç–∞:
–°–æ—Ü–∏–∞–ª–Ω–∏ –ø–ª–∞—â–∞–Ω–∏—è –∏ –ø–æ–º–æ—â–∏ –∑–∞ —Å–ª—É–∂–∏—Ç–µ–ª–∏ ‚Äì —Ä–æ–∂–¥–µ–Ω–∏ –¥–Ω–∏, —Å–≤–∞—Ç–±–∏, —Ä–∞–∂–¥–∞–Ω–µ –Ω–∞ –¥–µ—Ç–µ, –±–æ–ª–Ω–∏—á–Ω–∏ –ø–æ–º–æ—â–∏, –æ—Ç–ø—É—Å–∫ –∑–∞ —Å–æ—Ü–∏–∞–ª–Ω–∏ –Ω—É–∂–¥–∏.
–°—Ç–∏–ø–µ–Ω–¥–∏–∏ –∏ –æ–±—É—á–µ–Ω–∏—è ‚Äì –∞–∫–æ —Ñ–∏—Ä–º–∞—Ç–∞ –ø–æ–¥–ø–æ–º–∞–≥–∞ —Å–ª—É–∂–∏—Ç–µ–ª–∏ –∏–ª–∏ –≤—ä–Ω—à–Ω–∏ –ª–∏—Ü–∞ —á—Ä–µ–∑ —Å–æ—Ü–∏–∞–ª–Ω–∏ –ø—Ä–æ–≥—Ä–∞–º–∏.
–§–∏–Ω–∞–Ω—Å–æ–≤–∞ –ø–æ–º–æ—â –∏–ª–∏ –¥–∞—Ä–µ–Ω–∏—è ‚Äì –Ω–∞—Å–æ—á–µ–Ω–∏ –∫—ä–º —Å–æ—Ü–∏–∞–ª–Ω–∏ –∫–∞—É–∑–∏, –±–ª–∞–≥–æ—Ç–≤–æ—Ä–∏—Ç–µ–ª–Ω–æ—Å—Ç, –º–µ—Å—Ç–Ω–∏ –æ–±—â–Ω–æ—Å—Ç–∏.
–°–ª—É–∂–µ–±–Ω–∏ –ø—Ä–æ–≥—Ä–∞–º–∏ –∑–∞ –∑–¥—Ä–∞–≤–µ –∏ —Å–ø–æ—Ä—Ç ‚Äì –∞–±–æ–Ω–∞–º–µ–Ω—Ç–∏ –∑–∞ —Å–ø–æ—Ä—Ç–Ω–∏ –∫–ª—É–±–æ–≤–µ, –∑–¥—Ä–∞–≤–Ω–∏ –ø—Ä–æ–≥—Ä–∞–º–∏, –ø—Ä–æ—Ñ–∏–ª–∞–∫—Ç–∏—á–Ω–∏ –ø—Ä–µ–≥–ª–µ–¥–∏.
–î—Ä—É–≥–∏ —Å–æ—Ü–∏–∞–ª–Ω–∏ –∏–Ω–∏—Ü–∏–∞—Ç–∏–≤–∏ ‚Äì —Ñ–∏—Ä–º–µ–Ω–∏ –ø—Ä–æ–≥—Ä–∞–º–∏ –∑–∞ –∏–Ω—Ç–µ–≥—Ä–∞—Ü–∏—è, –ø–æ–¥–∫—Ä–µ–ø–∞ –Ω–∞ –æ–ø—Ä–µ–¥–µ–ª–µ–Ω–∏ –≥—Ä—É–ø–∏ —Å–ª—É–∂–∏—Ç–µ–ª–∏ (–Ω–∞–ø—Ä–∏–º–µ—Ä —Ö–æ—Ä–∞ —Å —É–≤—Ä–µ–∂–¥–∞–Ω–∏—è)."
–í–æ–¥–∞ –∏ –∫–∞–Ω–∞–ª,"–≤–∫–ª—é—á–≤–∞ –≤—Å–∏—á–∫–∏ —Ä–∞–∑—Ö–æ–¥–∏, —Å–≤—ä—Ä–∑–∞–Ω–∏ —Å –≤–æ–¥–æ—Å–Ω–∞–±–¥—è–≤–∞–Ω–µ –∏ –æ—Ç–≤–µ–∂–¥–∞–Ω–µ –Ω–∞ –æ—Ç–ø–∞–¥—ä—á–Ω–∏ –≤–æ–¥–∏ –∑–∞ —Ñ–∏—Ä–º–∞—Ç–∞ –∏–ª–∏ –¥–æ–º–∞–∫–∏–Ω—Å—Ç–≤–æ—Ç–æ.
–í–∫–ª—é—á–≤–∞:
–†–∞–∑—Ö–æ–¥–∏ –∑–∞ –ø–∏—Ç–µ–π–Ω–∞ –≤–æ–¥–∞ ‚Äì —Å–º–µ—Ç–∫–∏ –æ—Ç –º–µ—Å—Ç–Ω–æ—Ç–æ –≤–æ–¥–æ—Å–Ω–∞–±–¥–∏—Ç–µ–ª–Ω–æ –¥—Ä—É–∂–µ—Å—Ç–≤–æ.
–†–∞–∑—Ö–æ–¥–∏ –∑–∞ –æ—Ç–ø–∞–¥–Ω–∏ –≤–æ–¥–∏/–∫–∞–Ω–∞–ª–∏–∑–∞—Ü–∏—è ‚Äì —Ç–∞–∫—Å–∏ –∑–∞ –æ—Ç–≤–µ–∂–¥–∞–Ω–µ –Ω–∞ –æ—Ç–ø–∞–¥–Ω–∏ –≤–æ–¥–∏, –ø—Ä–µ—á–∏—Å—Ç–≤–∞—Ç–µ–ª–Ω–∏ —Å—Ç–∞–Ω—Ü–∏–∏ –∏ —Ç.–Ω.
–¢–∞–∫—Å–∏ –∏ –∞–±–æ–Ω–∞–º–µ–Ω—Ç–∏, —Å–≤—ä—Ä–∑–∞–Ω–∏ —Å –≤–æ–¥–æ—Å–Ω–∞–±–¥—è–≤–∞–Ω–µ—Ç–æ ‚Äì –≥–æ–¥–∏—à–Ω–∏ —Ç–∞–∫—Å–∏ –∑–∞ –≤–æ–¥–æ–º–µ—Ä, –æ–±—Å–ª—É–∂–≤–∞–Ω–µ –Ω–∞ –∫–∞–Ω–∞–ª–∏–∑–∞—Ü–∏—è—Ç–∞.
–î–æ–ø—ä–ª–Ω–∏—Ç–µ–ª–Ω–∏ —Ä–∞–∑—Ö–æ–¥–∏ –∑–∞ –≤–æ–¥–∞, —Å–≤—ä—Ä–∑–∞–Ω–∏ —Å –±–∏–∑–Ω–µ—Å–∞ ‚Äì –Ω–∞–ø—Ä–∏–º–µ—Ä, –≤–æ–¥–∞ –∑–∞ –ø—Ä–æ–∏–∑–≤–æ–¥—Å—Ç–≤–æ, –∑–∞ —Å–∞–Ω–∏—Ç–∞—Ä–Ω–∏ –Ω—É–∂–¥–∏ –∏–ª–∏ –∑–∞ –ø–æ–ª–∏–≤–∞–Ω–µ –Ω–∞ –∑–µ–ª–µ–Ω–∏ –ø–ª–æ—â–∏ (–∞–∫–æ —Å–µ –≤–æ–¥–∏ –æ—Ç–¥–µ–ª–Ω–æ)."
–¢–æ–ø–ª–∏–Ω–Ω–∞ –µ–Ω–µ—Ä–≥–∏—è / –ø–∞—Ä–Ω–æ / –∏ –≥–∞–∑,"–æ–±—Ö–≤–∞—â–∞ –≤—Å–∏—á–∫–∏ —Ä–∞–∑—Ö–æ–¥–∏ –∑–∞ –æ—Ç–æ–ø–ª–µ–Ω–∏–µ –∏ —Ç–æ–ø–ª–∞ –≤–æ–¥–∞, –æ—Å–∏–≥—É—Ä—è–≤–∞–Ω–∏ —á—Ä–µ–∑ —Ä–∞–∑–ª–∏—á–Ω–∏ –∏–∑—Ç–æ—á–Ω–∏—Ü–∏ –Ω–∞ –µ–Ω–µ—Ä–≥–∏—è.
–í –Ω–µ—è –ø–æ–ø–∞–¥–∞—Ç:
–¢–æ–ø–ª–∏–Ω–Ω–∞ –µ–Ω–µ—Ä–≥–∏—è (–ø–∞—Ä–Ω–æ) ‚Äì —Å–º–µ—Ç–∫–∏ –∑–∞ —Ü–µ–Ω—Ç—Ä–∞–ª–Ω–æ –æ—Ç–æ–ø–ª–µ–Ω–∏–µ, –¥–æ—Å—Ç–∞–≤–∫–∞ –Ω–∞ —Ç–æ–ø–ª–∞ –≤–æ–¥–∞ —á—Ä–µ–∑ –≥—Ä–∞–¥—Å–∫–∏ –æ—Ç–æ–ø–ª–∏—Ç–µ–ª–Ω–∏ –º—Ä–µ–∂–∏ –∏–ª–∏ –ª–æ–∫–∞–ª–Ω–∏ –∫–æ—Ç–µ–ª–Ω–∏.
–ì–∞–∑ ‚Äì –ø—Ä–∏—Ä–æ–¥–µ–Ω –≥–∞–∑ –∑–∞ –æ—Ç–æ–ø–ª–µ–Ω–∏–µ, –≥–æ—Ç–≤–µ–Ω–µ –∏–ª–∏ —Ç–µ—Ö–Ω–æ–ª–æ–≥–∏—á–Ω–∏ –Ω—É–∂–¥–∏ (–∑–∞ –ø—Ä–æ–∏–∑–≤–æ–¥—Å—Ç–≤–∞, –∫—É—Ö–Ω–∏ –∏ –¥—Ä.).
–¢–∞–∫—Å–∏ –∏ –∞–±–æ–Ω–∞–º–µ–Ω—Ç–∏ ‚Äì –∞–∫–æ –∏–º–∞ —Ñ–∏–∫—Å–∏—Ä–∞–Ω–∏ –≥–æ–¥–∏—à–Ω–∏ —Ç–∞–∫—Å–∏ –∑–∞ –ø–æ–¥–¥—Ä—ä–∂–∫–∞ –Ω–∞ –≥–∞–∑–æ–≤–∞—Ç–∞ –º—Ä–µ–∂–∞ –∏–ª–∏ —Ç–æ–ø–ª–æ–ø—Ä–µ–Ω–æ—Å–Ω–∞—Ç–∞ —Å–∏—Å—Ç–µ–º–∞.
–°–≤—ä—Ä–∑–∞–Ω–∏ —É—Å–ª—É–≥–∏ ‚Äì –∏–∑–º–µ—Ä–≤–∞—Ç–µ–ª–Ω–∏ —É—Ä–µ–¥–∏ (—Ç–æ–ø–ª–æ–º–µ—Ä–∏, –≥–∞–∑–æ–≤–∏ —É—Ä–µ–¥–∏) –∏ —Ç—è—Ö–Ω–∞—Ç–∞ –ø–æ–¥–¥—Ä—ä–∂–∫–∞, –∞–∫–æ —Å–µ –≤–∫–ª—é—á–≤–∞—Ç –≤ —Å–º–µ—Ç–∫–∞—Ç–∞."
–ò–Ω—Ç–µ—Ä–Ω–µ—Ç,"–≤–∫–ª—é—á–≤–∞ –≤—Å–∏—á–∫–∏ —Ä–∞–∑—Ö–æ–¥–∏, —Å–≤—ä—Ä–∑–∞–Ω–∏ —Å –æ—Å–∏–≥—É—Ä—è–≤–∞–Ω–µ –Ω–∞ –¥–æ—Å—Ç—ä–ø –¥–æ –∏–Ω—Ç–µ—Ä–Ω–µ—Ç –∑–∞ —Ñ–∏—Ä–º–∞—Ç–∞ –∏–ª–∏ –¥–æ–º–∞–∫–∏–Ω—Å—Ç–≤–æ—Ç–æ.
–ü–æ-–∫–æ–Ω–∫—Ä–µ—Ç–Ω–æ –≤–∫–ª—é—á–≤–∞:
–ú–µ—Å–µ—á–Ω–∏ —Ç–∞–∫—Å–∏ –∑–∞ –∏–Ω—Ç–µ—Ä–Ω–µ—Ç —É—Å–ª—É–≥–∏ ‚Äì –æ—Ç –¥–æ—Å—Ç–∞–≤—á–∏—Ü–∏ –Ω–∞ —Ñ–∏–∫—Å–∏—Ä–∞–Ω –∏–ª–∏ –º–æ–±–∏–ª–µ–Ω –∏–Ω—Ç–µ—Ä–Ω–µ—Ç.
–¢–∞–∫—Å–∏ –∑–∞ –æ–±–æ—Ä—É–¥–≤–∞–Ω–µ ‚Äì —Ä—É—Ç–µ—Ä–∏, –º–æ–¥–µ–º–∏, –º—Ä–µ–∂–æ–≤–∏ —É—Å—Ç—Ä–æ–π—Å—Ç–≤–∞, –∞–∫–æ —Å–∞ –≤–∫–ª—é—á–µ–Ω–∏ –≤ —Å–º–µ—Ç–∫–∞—Ç–∞ –æ—Ç –¥–æ—Å—Ç–∞–≤—á–∏–∫–∞.
–î–æ–ø—ä–ª–Ω–∏—Ç–µ–ª–Ω–∏ –∞–±–æ–Ω–∞–º–µ–Ω—Ç–∏ –∏–ª–∏ —É—Å–ª—É–≥–∏ ‚Äì –Ω–∞–ø—Ä–∏–º–µ—Ä –∑–∞ –ø–æ-–≤–∏—Å–æ–∫–∞ —Å–∫–æ—Ä–æ—Å—Ç, –¥–æ–ø—ä–ª–Ω–∏—Ç–µ–ª–Ω–∏ IP –∞–¥—Ä–µ—Å–∏, –∫–æ—Ä–ø–æ—Ä–∞—Ç–∏–≤–Ω–∏ VPN —É—Å–ª—É–≥–∏.
–†–∞–∑—Ö–æ–¥–∏ –∑–∞ –ø–æ–¥–¥—Ä—ä–∂–∫–∞ –Ω–∞ –∏–Ω—Ç–µ—Ä–Ω–µ—Ç –º—Ä–µ–∂–∞—Ç–∞ ‚Äì –∞–∫–æ –¥–æ—Å—Ç–∞–≤—á–∏–∫—ä—Ç –∏–ª–∏ —Ñ–∏—Ä–º–∞—Ç–∞ –∏–∑–≤—ä—Ä—à–≤–∞ –æ–±—Å–ª—É–∂–≤–∞–Ω–µ –∏–ª–∏ —Ä–µ–º–æ–Ω—Ç."
–ú–æ–±–∏–ª–Ω–∏ —É—Å–ª—É–≥–∏,"–≤–∫–ª—é—á–≤–∞ –≤—Å–∏—á–∫–∏ —Ä–∞–∑—Ö–æ–¥–∏, —Å–≤—ä—Ä–∑–∞–Ω–∏ —Å –º–æ–±–∏–ª–Ω–∏ —Ç–µ–ª–µ—Ñ–æ–Ω–∏ –∏ –º–æ–±–∏–ª–Ω–∏ –∫–æ–º—É–Ω–∏–∫–∞—Ü–∏–∏ –Ω–∞ —Ñ–∏—Ä–º–∞—Ç–∞ –∏–ª–∏ –¥–æ–º–∞–∫–∏–Ω—Å—Ç–≤–æ—Ç–æ.
–ü–æ-–∫–æ–Ω–∫—Ä–µ—Ç–Ω–æ –≤–∫–ª—é—á–≤–∞:
–ú–µ—Å–µ—á–Ω–∏ –∞–±–æ–Ω–∞–º–µ–Ω—Ç–Ω–∏ —Ç–∞–∫—Å–∏ –∑–∞ –º–æ–±–∏–ª–Ω–∏ —Ç–µ–ª–µ—Ñ–æ–Ω–∏ ‚Äì —Å—Ç–∞–Ω–¥–∞—Ä—Ç–Ω–∏ –ø–ª–∞–Ω–æ–≤–µ –∑–∞ —Ä–∞–∑–≥–æ–≤–æ—Ä–∏, SMS –∏ –º–æ–±–∏–ª–µ–Ω –∏–Ω—Ç–µ—Ä–Ω–µ—Ç.
–†–∞–∑–≥–æ–≤–æ—Ä–∏ –∏ SMS –∏–∑–≤—ä–Ω –∞–±–æ–Ω–∞–º–µ–Ω—Ç–Ω–∏—è –ø–ª–∞–Ω ‚Äì –¥–æ–ø—ä–ª–Ω–∏—Ç–µ–ª–Ω–∏ —Ç–∞–∫—Å–∏ –∑–∞ –º–µ–∂–¥—É–Ω–∞—Ä–æ–¥–Ω–∏ –∏–ª–∏ –∏–∑–≤—ä–Ω–ø–∞–∫–µ—Ç–Ω–∏ —É—Å–ª—É–≥–∏.
–ú–æ–±–∏–ª–µ–Ω –∏–Ω—Ç–µ—Ä–Ω–µ—Ç –∏ –º–æ–±–∏–ª–Ω–∏ –¥–∞–Ω–Ω–∏ ‚Äì –∞–∫–æ —Å–µ –ø–æ–ª–∑–≤–∞ –æ—Ç–¥–µ–ª–µ–Ω –∞–±–æ–Ω–∞–º–µ–Ω—Ç –∏–ª–∏ SIM –∫–∞—Ä—Ç–∞ –∑–∞ –∏–Ω—Ç–µ—Ä–Ω–µ—Ç.
–¢–∞–∫—Å–∏ –∑–∞ –∏–∑–ø–æ–ª–∑–≤–∞–Ω–µ –Ω–∞ SIM –∫–∞—Ä—Ç–∏ –∏ —É—Å–ª—É–≥–∏ –∫—ä–º –¥–æ—Å—Ç–∞–≤—á–∏–∫–∞ ‚Äì –∞–∫—Ç–∏–≤–∞—Ü–∏–∏, –¥–æ–ø—ä–ª–Ω–∏—Ç–µ–ª–Ω–∏ –ø–∞–∫–µ—Ç–∏, —Ä–æ—É–º–∏–Ω–≥ –∏ –¥—Ä.
–û–±—Å–ª—É–∂–≤–∞–Ω–µ –∏ –ø–æ–¥–¥—Ä—ä–∂–∫–∞ –Ω–∞ –º–æ–±–∏–ª–Ω–∏ —É—Å—Ç—Ä–æ–π—Å—Ç–≤–∞ ‚Äì –∞–∫–æ —Å–µ –ø–ª–∞—â–∞ —á—Ä–µ–∑ –æ–ø–µ—Ä–∞—Ç–æ—Ä–∞ –∏–ª–∏ –µ –≤–∫–ª—é—á–µ–Ω–æ –≤ –¥–æ–≥–æ–≤–æ—Ä–∞."
–ö–∞–Ω—Ü–µ–ª–∞—Ä—Å–∫–∏ –º–∞—Ç–µ—Ä–∏–∞–ª–∏ –∏ –∫–æ–Ω—Å—É–º–∞—Ç–∏–≤–∏,"–≤–∫–ª—é—á–≤–∞ –≤—Å–∏—á–∫–∏ —Ä–∞–∑—Ö–æ–¥–∏, —Å–≤—ä—Ä–∑–∞–Ω–∏ —Å –µ–∂–µ–¥–Ω–µ–≤–Ω–∞—Ç–∞ —Ä–∞–±–æ—Ç–∞ –≤ –æ—Ñ–∏—Å–∞ –∏ –ø–æ–¥–¥—ä—Ä–∂–∞–Ω–µ—Ç–æ –Ω–∞ –Ω–æ—Ä–º–∞–ª–Ω–∞—Ç–∞ –º—É –¥–µ–π–Ω–æ—Å—Ç.
–ü–æ-–∫–æ–Ω–∫—Ä–µ—Ç–Ω–æ –ø–æ–ø–∞–¥–∞—Ç:
–•–∞—Ä—Ç–∏—è –∏ –ø–µ—á–∞—Ç–Ω–∏ –º–∞—Ç–µ—Ä–∏–∞–ª–∏ ‚Äì —Ç–µ—Ç—Ä–∞–¥–∫–∏, –±–µ–ª–µ–∂–Ω–∏—Ü–∏, –ø—Ä–∏–Ω—Ç–µ—Ä–Ω–∞ –∏ –∫–æ–ø–∏—Ä–Ω–∞ —Ö–∞—Ä—Ç–∏—è, –µ—Ç–∏–∫–µ—Ç–∏.
–ü–∏—Å–∞–ª–∫–∏, –º–∞—Ä–∫–µ—Ä–∏, –º–æ–ª–∏–≤–∏ –∏ –¥—Ä—É–≥–∏ –ø–∏—Å–∞—Ç–µ–ª–Ω–∏ —Å—Ä–µ–¥—Å—Ç–≤–∞.
–ü–∞–ø–∫–∏, —Ñ–∞–π–ª–æ–≤–µ, –∫–ª–∞—Å—å–æ—Ä–∏, –¥–æ–∫—É–º–µ–Ω—Ç–∏—Ä–∞–Ω–∏ –ø–∞–ø–∫–∏ –∏ –æ—Ä–≥–∞–Ω–∞–π–∑–µ—Ä–∏.
–ö–æ–Ω—Å—É–º–∞—Ç–∏–≤–∏ –∑–∞ —Ç–µ—Ö–Ω–∏–∫–∞ ‚Äì –º–∞—Å—Ç–∏–ª–∞ –∏ —Ç–æ–Ω–µ—Ä–∏ –∑–∞ –ø—Ä–∏–Ω—Ç–µ—Ä–∏ –∏ –∫–æ–ø–∏—Ä–Ω–∏ –º–∞—à–∏–Ω–∏, —Ñ–ª–∞—à–∫–∏, CD/DVD, –±–∞—Ç–µ—Ä–∏–∏.
–î—Ä—É–≥–∏ –æ—Ñ–∏—Å –∫–æ–Ω—Å—É–º–∞—Ç–∏–≤–∏ ‚Äì –ª–µ–ø–∏–ª–∞, –∫–ª–∞–º–µ—Ä–∏, —â–∏–ø–∫–∏, —Å—Ç–∏–∫–µ—Ä–∏, –ª–∞—Å—Ç–∏—Ü–∏, –±–µ–ª–µ–∂–Ω–∏—Ü–∏ –∏ –¥—Ä.
–î—Ä–µ–±–Ω–∏ –æ—Ñ–∏—Å –ø—Ä–∏–Ω–∞–¥–ª–µ–∂–Ω–æ—Å—Ç–∏ ‚Äì –Ω–æ–∂–∏—Ü–∏, —Ç–µ–ª–±–æ–¥, –∫–∞–ª–∫—É–ª–∞—Ç–æ—Ä–∏ –∏ –ø–æ–¥–æ–±–Ω–∏."
–ö—É—Ä–∏–µ—Ä—Å–∫–∏ —É—Å–ª—É–≥–∏,"–≤–∫–ª—é—á–≤–∞ –≤—Å–∏—á–∫–∏ —Ä–∞–∑—Ö–æ–¥–∏, —Å–≤—ä—Ä–∑–∞–Ω–∏ —Å –∏–∑–ø—Ä–∞—â–∞–Ω–µ –∏ –ø–æ–ª—É—á–∞–≤–∞–Ω–µ –Ω–∞ –ø—Ä–∞—Ç–∫–∏ —á—Ä–µ–∑ –∫—É—Ä–∏–µ—Ä—Å–∫–∏ —Ñ–∏—Ä–º–∏.
–ü–æ-–∫–æ–Ω–∫—Ä–µ—Ç–Ω–æ –ø–æ–ø–∞–¥–∞—Ç:
–¢–∞–∫—Å–∏ –∑–∞ –¥–æ—Å—Ç–∞–≤–∫–∞ –Ω–∞ –ø—Ä–∞—Ç–∫–∏ ‚Äì –Ω–∞—Ü–∏–æ–Ω–∞–ª–Ω–∏ –∏ –º–µ–∂–¥—É–Ω–∞—Ä–æ–¥–Ω–∏ –∫—É—Ä–∏–µ—Ä—Å–∫–∏ —É—Å–ª—É–≥–∏.
–¢–∞–∫—Å–∏ –∑–∞ –µ–∫—Å–ø—Ä–µ—Å–Ω–∏ –∏–ª–∏ –ø—Ä–∏–æ—Ä–∏—Ç–µ—Ç–Ω–∏ —É—Å–ª—É–≥–∏ ‚Äì –∞–∫–æ –ø—Ä–∞—Ç–∫–∏—Ç–µ —Å–µ –∏–∑–ø—Ä–∞—â–∞—Ç –ø–æ-–±—ä—Ä–∑–æ –æ—Ç —Å—Ç–∞–Ω–¥–∞—Ä—Ç–Ω–∏—è —Å—Ä–æ–∫.
–î–æ–ø—ä–ª–Ω–∏—Ç–µ–ª–Ω–∏ —É—Å–ª—É–≥–∏ –Ω–∞ –∫—É—Ä–∏–µ—Ä–∞ ‚Äì –∑–∞—Å—Ç—Ä–∞—Ö–æ–≤–∫–∞ –Ω–∞ –ø—Ä–∞—Ç–∫–∏, –ø—Ä–æ—Å–ª–µ–¥—è–≤–∞–Ω–µ, –¥–æ—Å—Ç–∞–≤–∫–∞ –¥–æ —Å–ø–µ—Ü–∏—Ñ–∏—á–Ω–æ –º—è—Å—Ç–æ –∏–ª–∏ —á–∞—Å.
–†–∞–∑—Ö–æ–¥–∏ –∑–∞ –æ–±—Ä–∞–±–æ—Ç–∫–∞ –Ω–∞ –¥–æ–∫—É–º–µ–Ω—Ç–∏ ‚Äì –∞–∫–æ –∫—É—Ä–∏–µ—Ä—ä—Ç –ø—Ä–µ–¥–æ—Å—Ç–∞–≤—è —É—Å–ª—É–≥–∏ –ø–æ –∏–∑–ø—Ä–∞—â–∞–Ω–µ –Ω–∞ –¥–æ–∫—É–º–µ–Ω—Ç–∏, –≤–∫–ª—é—á–∏—Ç–µ–ª–Ω–æ –ø—Ä–µ–ø–æ—Ä—ä—á–∞–Ω–∏ –ø–∏—Å–º–∞.
–ü–∞–∫–µ—Ç–∏—Ä–∞–Ω–µ –∏ –æ–ø–∞–∫–æ–≤—ä—á–Ω–∏ –º–∞—Ç–µ—Ä–∏–∞–ª–∏, –∞–∫–æ —Å–∞ –ø—Ä–µ–¥–æ—Å—Ç–∞–≤–µ–Ω–∏ –æ—Ç –∫—É—Ä–∏–µ—Ä—Å–∫–∞—Ç–∞ —Ñ–∏—Ä–º–∞ –∏ —Å–µ –≤–∫–ª—é—á–≤–∞—Ç –≤ —Å–º–µ—Ç–∫–∞—Ç–∞."
–ù–∞–µ–º –Ω–∞ –æ—Ñ–∏—Å–∏,"–≤–∫–ª—é—á–≤–∞ –≤—Å–∏—á–∫–∏ —Ä–∞–∑—Ö–æ–¥–∏, —Å–≤—ä—Ä–∑–∞–Ω–∏ —Å –ø–æ–ª–∑–≤–∞–Ω–µ—Ç–æ –Ω–∞ –æ—Ñ–∏—Å–Ω–∏ –ø–æ–º–µ—â–µ–Ω–∏—è –æ—Ç —Ñ–∏—Ä–º–∞—Ç–∞.
–ü–æ-–∫–æ–Ω–∫—Ä–µ—Ç–Ω–æ –ø–æ–ø–∞–¥–∞—Ç:
–ú–µ—Å–µ—á–µ–Ω –∏–ª–∏ –≥–æ–¥–∏—à–µ–Ω –Ω–∞–µ–º ‚Äì –æ—Å–Ω–æ–≤–Ω–∞—Ç–∞ —Å—É–º–∞, –¥–æ–≥–æ–≤–æ—Ä–µ–Ω–∞ —Å –Ω–∞–µ–º–æ–¥–∞—Ç–µ–ª—è –∑–∞ –ø–æ–ª–∑–≤–∞–Ω–µ—Ç–æ –Ω–∞ –æ—Ñ–∏—Å–∞.
–¢–∞–∫—Å–∏ –∑–∞ –ø–æ–¥–¥—Ä—ä–∂–∫–∞ –∏ –æ–±—Å–ª—É–∂–≤–∞–Ω–µ ‚Äì –∞–∫–æ —Å–µ –∑–∞–ø–ª–∞—â–∞—Ç –æ—Ç–¥–µ–ª–Ω–æ (–Ω–∞–ø—Ä–∏–º–µ—Ä –æ–±—â–∏ —á–∞—Å—Ç–∏, –∞—Å–∞–Ω—Å—å–æ—Ä–∏, —á–∏—Å—Ç–æ—Ç–∞, –æ—Ö—Ä–∞–Ω–∞).
–¢–∞–∫—Å–∏ –∑–∞ —É–ø—Ä–∞–≤–ª–µ–Ω–∏–µ –Ω–∞ —Å–≥—Ä–∞–¥–∞—Ç–∞ ‚Äì –∞–¥–º–∏–Ω–∏—Å—Ç—Ä–∞—Ç–∏–≤–Ω–∏ —Ç–∞–∫—Å–∏, –∫–æ–∏—Ç–æ —á–µ—Å—Ç–æ —Å–µ –¥–æ–±–∞–≤—è—Ç –∫—ä–º –Ω–∞–µ–º–∞ –≤ –±–∏–∑–Ω–µ—Å —Å–≥—Ä–∞–¥–∏.
–î—Ä—É–≥–∏ —Å–≤—ä—Ä–∑–∞–Ω–∏ —Ä–∞–∑—Ö–æ–¥–∏, –∞–∫–æ —Å–∞ –≤–∫–ª—é—á–µ–Ω–∏ –≤ –¥–æ–≥–æ–≤–æ—Ä–∞ ‚Äì –Ω–∞–ø—Ä–∏–º–µ—Ä –∑–∞ –ø–∞—Ä–∫–æ–º–µ—Å—Ç–∞ –∫—ä–º –æ—Ñ–∏—Å–∞, –ø–æ–ª–∑–≤–∞–Ω–µ –Ω–∞ –∫–æ–Ω—Ñ–µ—Ä–µ–Ω—Ü –∑–∞–ª–∏ –∏ –¥—Ä."
–û–±—É—á–µ–Ω–∏–µ,"–≤–∫–ª—é—á–≤–∞ –≤—Å–∏—á–∫–∏ —Ä–∞–∑—Ö–æ–¥–∏, —Å–≤—ä—Ä–∑–∞–Ω–∏ —Å –ø—Ä–∏–¥–æ–±–∏–≤–∞–Ω–µ –∏–ª–∏ –ø–æ–¥–æ–±—Ä—è–≤–∞–Ω–µ –Ω–∞ –∑–Ω–∞–Ω–∏—è –∏ —É–º–µ–Ω–∏—è –Ω–∞ —Å–ª—É–∂–∏—Ç–µ–ª–∏—Ç–µ –∏–ª–∏ —Å–æ–±—Å—Ç–≤–µ–Ω–∏—Ü–∏—Ç–µ –Ω–∞ —Ñ–∏—Ä–º–∞—Ç–∞.
–ü–æ-–∫–æ–Ω–∫—Ä–µ—Ç–Ω–æ –ø–æ–ø–∞–¥–∞—Ç:
–¢–∞–∫—Å–∏ –∑–∞ –∫—É—Ä—Å–æ–≤–µ, —Å–µ–º–∏–Ω–∞—Ä–∏ –∏ —Ç—Ä–µ–Ω–∏–Ω–≥–∏ ‚Äì –∫–∞–∫—Ç–æ –ø—Ä–∏—Å—ä—Å—Ç–≤–µ–Ω–∏, —Ç–∞–∫–∞ –∏ –æ–Ω–ª–∞–π–Ω.
–ö–æ–Ω—Ñ–µ—Ä–µ–Ω—Ü–∏–∏ –∏ –ø—Ä–æ—Ñ–µ—Å–∏–æ–Ω–∞–ª–Ω–∏ —Å—ä–±–∏—Ç–∏—è ‚Äì —É—á–∞—Å—Ç–∏–µ –≤ —Å—ä–±–∏—Ç–∏—è, —Å–≤—ä—Ä–∑–∞–Ω–∏ —Å –ø—Ä–æ—Ñ–µ—Å–∏–æ–Ω–∞–ª–Ω–æ—Ç–æ —Ä–∞–∑–≤–∏—Ç–∏–µ.
–û–±—Ä–∞–∑–æ–≤–∞—Ç–µ–ª–Ω–∏ –º–∞—Ç–µ—Ä–∏–∞–ª–∏ ‚Äì –∫–Ω–∏–≥–∏, —É—á–µ–±–Ω–∏ –ø–æ—Å–æ–±–∏—è, —Å–æ—Ñ—Ç—É–µ—Ä –∑–∞ –æ–±—É—á–µ–Ω–∏–µ.
–¢–∞–∫—Å–∏ –∑–∞ —Å–µ—Ä—Ç–∏—Ñ–∏–∫–∞—Ü–∏–∏ –∏ –∏–∑–ø–∏—Ç–∏ ‚Äì –∞–∫–æ —Å–ª—É–∂–∏—Ç–µ–ª—è—Ç –ø—Ä–µ–º–∏–Ω–∞–≤–∞ –æ—Ñ–∏—Ü–∏–∞–ª–µ–Ω –∏–∑–ø–∏—Ç –∑–∞ –∫–≤–∞–ª–∏—Ñ–∏–∫–∞—Ü–∏—è.
–í—ä—Ç—Ä–µ—à–Ω–∏ –æ–±—É—á–µ–Ω–∏—è –∏ —Ç—Ä–µ–Ω–∏–Ω–≥–∏ ‚Äì —Ä–∞–∑—Ö–æ–¥–∏ –∑–∞ –ø—Ä–µ–ø–æ–¥–∞–≤–∞—Ç–µ–ª–∏, –ª–µ–∫—Ç–æ—Ä–∏ –∏–ª–∏ –æ—Ä–≥–∞–Ω–∏–∑–∞—Ü–∏–æ–Ω–Ω–æ –æ–±–µ–∑–ø–µ—á–∞–≤–∞–Ω–µ."
–ö–æ–º–ø—é—Ç—ä—Ä–Ω–∏ —á–∞—Å—Ç–∏,"–≤–∫–ª—é—á–≤–∞ –≤—Å–∏—á–∫–∏ —Ä–∞–∑—Ö–æ–¥–∏ –∑–∞ –∫–æ–º–ø–æ–Ω–µ–Ω—Ç–∏ –∏ –ø–µ—Ä–∏—Ñ–µ—Ä–∏—è, –∫–æ–∏—Ç–æ —Å–∞ —á–∞—Å—Ç –æ—Ç –∫–æ–º–ø—é—Ç—ä—Ä–Ω–∞ —Ç–µ—Ö–Ω–∏–∫–∞, –Ω–æ –Ω–µ —Å–µ –≤–æ–¥—è—Ç —Å–∞–º–æ—Å—Ç–æ—è—Ç–µ–ª–µ–Ω –¥—ä–ª–≥–æ—Ç—Ä–∞–µ–Ω –∞–∫—Ç–∏–≤ —Å–∞–º–∏ –ø–æ —Å–µ–±–µ —Å–∏ (–æ—Å–≤–µ–Ω –∞–∫–æ –Ω–µ —Å–∞ —á–∞—Å—Ç –æ—Ç –Ω–æ–≤–∞ –∫–æ–º–ø—é—Ç—ä—Ä–Ω–∞ —Å–∏—Å—Ç–µ–º–∞).
–ü–æ-–∫–æ–Ω–∫—Ä–µ—Ç–Ω–æ –ø–æ–ø–∞–¥–∞—Ç:
–í—ä—Ç—Ä–µ—à–Ω–∏ –∫–æ–º–ø–æ–Ω–µ–Ω—Ç–∏ –Ω–∞ –∫–æ–º–ø—é—Ç—Ä–∏ ‚Äì –ø—Ä–æ—Ü–µ—Å–æ—Ä–∏, RAM –ø–∞–º–µ—Ç, —Ö–∞—Ä–¥ –¥–∏—Å–∫–æ–≤–µ, SSD, –≤–∏–¥–µ–æ–∫–∞—Ä—Ç–∏, –¥—ä–Ω–Ω–∏ –ø–ª–∞—Ç–∫–∏, –∑–∞—Ö—Ä–∞–Ω–≤–∞–Ω–∏—è.
–ü–µ—Ä–∏—Ñ–µ—Ä–Ω–∏ —É—Å—Ç—Ä–æ–π—Å—Ç–≤–∞ ‚Äì –∫–ª–∞–≤–∏–∞—Ç—É—Ä–∏, –º–∏—à–∫–∏, –º–æ–Ω–∏—Ç–æ—Ä–∏, —Å–ª—É—à–∞–ª–∫–∏, —É–µ–± –∫–∞–º–µ—Ä–∏.
–ê–∫—Å–µ—Å–æ–∞—Ä–∏ –∑–∞ –∫–æ–º–ø—é—Ç—ä—Ä–Ω–∞ —Ç–µ—Ö–Ω–∏–∫–∞ ‚Äì –∫–∞–±–µ–ª–∏, –∞–¥–∞–ø—Ç–µ—Ä–∏, –æ—Ö–ª–∞–¥–∏—Ç–µ–ª–∏, —Å—Ç–æ–π–∫–∏, –∫–µ–π—Å–æ–≤–µ –∏ —Ç.–Ω.
–ö–æ–Ω—Å—É–º–∞—Ç–∏–≤–∏ –∑–∞ —Ç–µ—Ö–Ω–∏–∫–∞ ‚Äì –∞–∫–æ —Å–µ –∏–∑–ø–æ–ª–∑–≤–∞—Ç –∑–∞ –ø–æ–¥–¥—Ä—ä–∂–∫–∞ –Ω–∞ –∫–æ–º–ø—é—Ç—ä—Ä–Ω–∏ —Å–∏—Å—Ç–µ–º–∏ (–Ω–∞–ø—Ä. —Ç–µ—Ä–º–æ–ø–∞—Å—Ç–∞, –≤–µ–Ω—Ç–∏–ª–∞—Ç–æ—Ä–∏, –¥–æ–ø—ä–ª–Ω–∏—Ç–µ–ª–Ω–∏ –±–∞—Ç–µ—Ä–∏–∏ –∑–∞ –ª–∞–ø—Ç–æ–ø–∏)."
